DOMAIN;SUBSITE;TAG;LINK
https://sites.google.com/view/qr-groupe-seb/;EQUIPOS/;200-PS-01;https://sites.google.com/view/qr-groupe-seb/EQUIPOS/200-PS-01
https://sites.google.com/view/qr-groupe-seb/;EQUIPOS/;400-C-01A;https://sites.google.com/view/qr-groupe-seb/EQUIPOS/400-C-01A
https://sites.google.com/view/qr-groupe-seb/;EQUIPOS/;400-C-01B;https://sites.google.com/view/qr-groupe-seb/EQUIPOS/400-C-01B
https://sites.google.com/view/qr-groupe-seb/;EQUIPOS/;400-PS-01;https://sites.google.com/view/qr-groupe-seb/EQUIPOS/400-PS-01
https://sites.google.com/view/qr-groupe-seb/;TANQUES/;500-TK-01;https://sites.google.com/view/qr-groupe-seb/TANQUES/500-TK-01
https://sites.google.com/view/qr-groupe-seb/;TANQUES/;600-SD-01;https://sites.google.com/view/qr-groupe-seb/TANQUES/600-SD-01
https://sites.google.com/view/qr-groupe-seb/;TANQUES/;600-TK-01;https://sites.google.com/view/qr-groupe-seb/TANQUES/600-TK-01
https://sites.google.com/view/qr-groupe-seb/;TANQUES/;802-TK-01;https://sites.google.com/view/qr-groupe-seb/TANQUES/802-TK-01
https://sites.google.com/view/qr-groupe-seb/;TANQUES/;803-TK-01;https://sites.google.com/view/qr-groupe-seb/TANQUES/803-TK-01
https://sites.google.com/view/qr-groupe-seb/;TANQUES/;809-TK-01;https://sites.google.com/view/qr-groupe-seb/TANQUES/809-TK-01
https://sites.google.com/view/qr-groupe-seb/;TANQUES/;500-F-01;https://sites.google.com/view/qr-groupe-seb/TANQUES/500-F-01
https://sites.google.com/view/qr-groupe-seb/;TANQUES/;500-F-02;https://sites.google.com/view/qr-groupe-seb/TANQUES/500-F-02
https://sites.google.com/view/qr-groupe-seb/;TANQUES/;500-F-03;https://sites.google.com/view/qr-groupe-seb/TANQUES/500-F-03
https://sites.google.com/view/qr-groupe-seb/;TANQUES/;500-F-04;https://sites.google.com/view/qr-groupe-seb/TANQUES/500-F-04
https://sites.google.com/view/qr-groupe-seb/;TANQUES/;100-TK-01;https://sites.google.com/view/qr-groupe-seb/TANQUES/100-TK-01
https://sites.google.com/view/qr-groupe-seb/;TANQUES/;100-TK-02;https://sites.google.com/view/qr-groupe-seb/TANQUES/100-TK-02
https://sites.google.com/view/qr-groupe-seb/;TANQUES/;100-TK-03;https://sites.google.com/view/qr-groupe-seb/TANQUES/100-TK-03
https://sites.google.com/view/qr-groupe-seb/;TANQUES/;400-R-01;https://sites.google.com/view/qr-groupe-seb/TANQUES/400-R-01
https://sites.google.com/view/qr-groupe-seb/;TANQUES/;500-TK-02;https://sites.google.com/view/qr-groupe-seb/TANQUES/500-TK-02
https://sites.google.com/view/qr-groupe-seb/;TANQUES/;805-TK-01;https://sites.google.com/view/qr-groupe-seb/TANQUES/805-TK-01
https://sites.google.com/view/qr-groupe-seb/;TANQUES/;801-TK-01;https://sites.google.com/view/qr-groupe-seb/TANQUES/801-TK-01
https://sites.google.com/view/qr-groupe-seb/;TANQUES/;800-TK-01;https://sites.google.com/view/qr-groupe-seb/TANQUES/800-TK-01
https://sites.google.com/view/qr-groupe-seb/;TANQUES/;807-TK-01;https://sites.google.com/view/qr-groupe-seb/TANQUES/807-TK-01
https://sites.google.com/view/qr-groupe-seb/;TANQUES/;808-TK-01;https://sites.google.com/view/qr-groupe-seb/TANQUES/808-TK-01
