TAG;PREFIX;LINK
100-P-01;;https://sites.google.com/view/interquim-ptar/PTAR/100-P-01
100-P-02;;https://sites.google.com/view/interquim-ptar/PTAR/100-P-02
200-MX-01;;https://sites.google.com/view/interquim-ptar/PTAR/200-MX-01
200-PS-01;;https://sites.google.com/view/interquim-ptar/PTAR/200-PS-01
200-P-01;;https://sites.google.com/view/interquim-ptar/PTAR/200-P-01
200-P-02;;https://sites.google.com/view/interquim-ptar/PTAR/200-P-02
600-MX-01;;https://sites.google.com/view/interquim-ptar/PTAR/600-MX-01
600-P-01;;https://sites.google.com/view/interquim-ptar/PTAR/600-P-01
600-P-02;;https://sites.google.com/view/interquim-ptar/PTAR/600-P-02
800-P-01;;https://sites.google.com/view/interquim-ptar/PTAR/800-P-01
801-P-01 ;;https://sites.google.com/view/interquim-ptar/PTAR/801-P-01 
801-P-02;;https://sites.google.com/view/interquim-ptar/PTAR/801-P-02
802-P-01;;https://sites.google.com/view/interquim-ptar/PTAR/802-P-01
802-P-02;;https://sites.google.com/view/interquim-ptar/PTAR/802-P-02
803-P-01;;https://sites.google.com/view/interquim-ptar/PTAR/803-P-01
200-M-01;;https://sites.google.com/view/interquim-ptar/PTAR/200-M-01
200-PT-01;;https://sites.google.com/view/interquim-ptar/INSTRUMENTS/200-PT-01
200-FR-01;;https://sites.google.com/view/interquim-ptar/INSTRUMENTS/200-FR-01
100-LT-002;;https://sites.google.com/view/interquim-ptar/INSTRUMENTS/100-LT-002
100-LSL-001;;https://sites.google.com/view/interquim-ptar/INSTRUMENTS/100-LSL-001
100-AIT-01;;https://sites.google.com/view/interquim-ptar/INSTRUMENTS/100-AIT-01
